{
  "id": "a6507daa-da8e-48f6-b803-3f163cffca30",
  "title": "ff",
  "author": "",
  "description": "",
  "license": "by-sa",
  "metadata": {
    "author": {},
    "site": {
      "settings": {
        "lang": "en"
      },
      "name": "ff",
      "domain": null,
      "created": 1727285122,
      "updated": 1727285122
    },
    "theme": {
      "variables": {}
    },
    "node": {
      "fields": {}
    }
  },
  "items": [
    {
      "id": "item-ad60cbba-5ac9-44a3-91f8-377c86477b00",
      "indent": 0,
      "location": "pages/item-ad60cbba-5ac9-44a3-91f8-377c86477b00/index.html",
      "slug": "article-1",
      "order": 0,
      "parent": null,
      "title": "Article 1",
      "description": "",
      "metadata": {
        "created": 1727285122,
        "updated": 1727285122
      }
    },
    {
      "id": "item-93ad6276-e3c5-42ac-a0d6-700bb12bc264",
      "indent": 0,
      "location": "pages/item-93ad6276-e3c5-42ac-a0d6-700bb12bc264/index.html",
      "slug": "article-2",
      "order": 1,
      "parent": null,
      "title": "Article 2",
      "description": "",
      "metadata": {
        "created": 1727285122,
        "updated": 1727285122
      }
    },
    {
      "id": "item-7d671379-7dd2-44ae-885e-c88d81beb4c4",
      "indent": 0,
      "location": "pages/item-7d671379-7dd2-44ae-885e-c88d81beb4c4/index.html",
      "slug": "meet-the-author",
      "order": 2,
      "parent": null,
      "title": "Meet the author",
      "description": "",
      "metadata": {
        "created": 1727285122,
        "updated": 1727285122
      }
    }
  ],
  "location": "/_sites/ff/index.html"
}